{"cameraMode":{"drawMode":0,"name":"Shaded","section":"Shading Mode"},"sceneLighting":true,"audioPlay":false,"sceneViewState":{"m_AlwaysRefresh":false,"showFog":true,"showSkybox":true,"showFlares":true,"showImageEffects":true,"showParticleSystems":true,"showVisualEffectGraphs":true,"m_FxEnabled":true},"in2DMode":false,"pivot":{"x":423.2474670410156,"y":43.267913818359378,"z":302.6729431152344},"rotation":{"x":-0.060529064387083057,"y":0.5413358807563782,"z":-0.038906119763851169,"w":-0.8380307555198669},"size":12.12435531616211,"orthographic":false}